<?xml version="1.0" encoding="UTF-8"?>
<futbolistas>
    <futbolista>
        <id>1</id>
        <nombre>Lionel Messi</nombre>
        <equipo>Inter Miami</equipo>
        <anyo>2023</anyo>
        <posicion>Delantero</posicion>
    </futbolista>
    <futbolista>
        <id>2</id>
        <nombre>Cristiano Ronaldo</nombre>
        <equipo>Al-Nassr</equipo>
        <anyo>2023</anyo>
        <posicion>Delantero</posicion>
    </futbolista>
    <futbolista>
        <id>3</id>
        <nombre>Kylian Mbappe</nombre>
        <equipo>Paris Saint-Germain</equipo>
        <anyo>2023</anyo>
        <posicion>Delantero</posicion>
    </futbolista>
    <futbolista>
        <id>4</id>
        <nombre>Luka Modric</nombre>
        <equipo>Real Madrid</equipo>
        <anyo>2023</anyo>
        <posicion>Centrocampista</posicion>
    </futbolista>
    <futbolista>
        <id>5</id>
        <nombre>Virgil van Dijk</nombre>
        <equipo>Liverpool</equipo>
        <anyo>2023</anyo>
        <posicion>Defensa</posicion>
    </futbolista>
</futbolistas>